model,template,mean_profit,sd_profit,loss_rate,mean_b_win,sd_b_win
DeepSeek,baseline,4.2362824161544195,14.613904330934552,30.0,96.1,22.203370356151193
DeepSeek,debias,7.602949082821086,15.080165200185801,23.333333333333332,92.73333333333333,22.862306477502756
GPT-5,baseline,-14.730384250512248,14.377152607773612,86.66666666666667,115.06666666666666,20.83752141811916
GPT-5,debias,1.2362824161544193,12.387461795166324,56.666666666666664,99.1,19.462342064116783
